date,open,high,low,close,volume,Name
2013-02-11,65.4,65.44,64.71,65.21,1066929,DLR
2013-02-11,54.65,54.98,54.59,54.75,6358524,DIS
2013-02-11,37.55,37.66,36.86,37.11,1349813,DISH
2013-02-11,64.73,64.98,63.88,64.31,371586,DISCK
2013-02-11,71.45,72.1,70.61,70.95,1415126,DISCA
2013-02-11,60.78,60.83,60.33,60.68,1867926,DHR
2013-02-11,23.12,23.45,22.89,22.92,4342054,DHI
2013-02-11,45.85,45.93,45.49,45.75,2223629,DG
2013-02-11,58.59,58.73,57.92,57.93,827475,DGX
2013-02-11,39.78,40.29,39.675,40.03,3729944,DFS
2013-02-11,92.86,93.45,92.63,93.23,1768934,DE
2013-02-11,14.66,14.9,14.61,14.69,7583776,DAL
2013-02-11,42.66,43.4,42.49,43.15,23459618,C
2013-02-11,96.13,96.62,95.08,96.52,638630,CXO
2013-02-11,115.68,115.84,115.01,115.64,3766225,CVX
2013-02-11,51.25,51.4,51.17,51.24,3992289,CVS
2013-02-11,72.73,73.09,72.04,72.4,1466296,CTXS
2013-02-11,39.27,39.325,38.495,38.56,3191766,CTSH
2013-02-11,41.29,41.59,41.27,41.51,3009444,CTL
2013-02-11,42.96,43.72,42.82,43.23,783204,CTAS
2013-02-11,22.35,22.74,22.26,22.65,15487826,CSX
2013-02-11,21.24,21.34,21.15,21.27,33551332,CSCO
2013-02-11,42.705,42.8125,42.2725,42.6575,5683700,CRM
2013-02-11,37.97,38.33,37.9625,38.12,2014284,CPB
2013-02-11,102.87,102.94,101.76,101.99,1457384,COST
2013-02-11,57.94,57.94,57.53,57.59,19329629,COP
2013-02-11,104.09,104.74,103.75,104.05,141705,COO
2013-02-11,60.27,60.38,59.96,60.22,598029,COL
2013-02-11,27.405,27.405,26.915,27.33,2381942,COG
2013-02-11,57.02,57.08,56.33,56.55,3865901,COF
2013-02-11,20.91,20.97,20.8,20.92,3130021,CNP
2013-02-11,22.95,22.995,21.985,22.25,1268902,CNC
2013-02-11,25.65,25.71,25.62,25.67,1859388,CMS
2013-02-11,118.8,119.99,118.53,119.26,1055455,CMI
2013-02-11,320.97,325.64,320.11,323.56,453220,CMG
2013-02-11,57.36,57.73,56.61,56.93,1936568,CME
2013-02-11,19.365,19.385,19.195,19.32,14686296,CMCSA
2013-02-11,34.72,35.25,34.71,35.06,2061452,CMA
2013-02-11,54.08,54.48,53.815,54.145,3744070,CL
2013-02-11,80.52,80.74,80.1614,80.5,719984,CLX
2013-02-11,61.91,61.94,61.18,61.83,1486518,CI
2013-02-11,44.51,44.7,44.37,44.6,545729,CINF
2013-02-11,80.56,80.56,79.18,79.31,365140,CHTR
2013-02-11,59.7,59.9,59.19,59.34,1939307,CHRW
2013-02-11,20.17,20.2675,19.92,20.05,7734603,CHK
2013-02-11,30.0,30.065,29.805,29.815,1053104,CHD
2013-02-11,45.242,45.466,44.86,45.124,1679985,CF
2013-02-11,44.05,44.05,43.265,43.75,1109726,CERN
2013-02-11,50.435,50.78,49.675,49.97,6359528,CELG
2013-02-11,14.1799,14.27,14.09,14.22,3221848,CDNS
2013-02-11,38.79,38.88,38.56,38.72,4202308,CCL
2013-02-11,70.74,70.74,69.99,70.03,1616172,CCI
2013-02-11,85.93,86.77,85.56,86.41,1333860,CB
2013-02-11,42.7,42.73,42.05,42.28,4554939,CBS
2013-02-11,34.5,34.87,34.17,34.78,658778,CBOE
2013-02-11,24.2,24.47,23.88,24.13,3285741,CBG
2013-02-11,25.13,25.13,24.85,24.86,9337270,CA
2013-02-11,96.96,96.99,96.3,96.6,2739107,CAT
2013-02-11,45.14,45.38,45.015,45.22,1616783,CAH
2013-02-11,33.49,33.53,33.265,33.37,3441645,CAG
2013-02-11,104.95,105.31,104.61,105.29,1174242,BXP
2013-02-11,37.375,37.67,37.22,37.465,852006,BWA
2013-02-11,7.7,7.715,7.59,7.63,25170823,BSX
2013-02-11,97.46,97.5,97.04,97.13,1765300,BRK.B
2013-02-11,36.85,37.08,36.8,36.93,5318733,BMY
2013-02-11,22.67,22.675,22.345,22.57,1867932,BLL
2013-02-11,238.18,239.92,237.31,239.45,931857,BLK
2013-02-11,27.83,27.94,27.6,27.93,4296644,BK
2013-02-11,164.51,165.28,163.055,163.96,1036172,BIIB
2013-02-11,32.56,32.665,32.005,32.05,701892,BF.B
2013-02-11,46.65,46.83,46.5566,46.72,1321854,BEN
2013-02-11,87.81,88.36,87.78,88.31,914059,BDX
2013-02-11,15.24,15.8,15.21,15.71,3858936,BBY
2013-02-11,30.67,30.8,30.56,30.63,2331836,BBT
2013-02-11,76.42,76.44,75.85,75.87,3677036,BA
2013-02-11,68.88,69.05,68.51,68.73,1839900,BAX
2013-02-11,11.73,11.9,11.67,11.86,103499848,BAC
2013-02-11,45.17,45.18,44.45,44.6,2915405,A
2013-02-11,384.63,387.38,384.23,385.23,523482,AZO
2013-02-11,69.98,70.62,69.98,70.25,204437,AYI
2013-02-11,61.7,62.05,61.36,61.98,3436008,AXP
2013-02-11,39.16,39.35,38.95,39.04,625700,AWK
2013-02-11,39.17,39.33,39.09,39.21,863860,AVY
2013-02-11,35.38,35.69,35.0,35.4,2999864,AVGO
2013-02-11,128.84,130.37,128.84,129.78,1257369,AVB
2013-02-11,13.21,13.85,13.19,13.57,26677475,ATVI
2013-02-11,26.7,26.79,26.58,26.61,2791559,ARNC
2013-02-11,72.74,73.18,72.66,72.73,352801,ARE
2013-02-11,35.235,35.475,35.08,35.205,1001954,APH
2013-02-11,88.47,88.74,88.11,88.42,744599,APD
2013-02-11,83.98,83.98,83.0105,83.47,1962625,APC
2013-02-11,84.81,85.47,83.73,83.81,2207403,APA
2013-02-11,17.49,17.56,17.3625,17.4775,698492,AOS
2013-02-11,56.47,56.72,56.2,56.66,1656442,AON
2013-02-11,66.06,66.19,65.4,66.01,894179,ANTM
2013-02-11,74.43,75.0,74.15,74.71,88425,ANSS
2013-02-11,54.44,55.0,54.0,54.55,3681623,ANDV
2013-02-11,263.2,263.25,256.6,257.21,3403403,AMZN
2013-02-11,76.81,76.88,76.25,76.38,1257077,AMT
2013-02-11,66.4,66.69,66.17,66.49,635993,AMP
2013-02-11,146.42,146.66,145.3,145.57,282470,AMG
2013-02-11,85.48,85.98,84.59,84.92,7538344,AMGN
2013-02-11,41.37,41.52,40.93,41.51,773702,AME
2013-02-11,2.59,2.7,2.59,2.67,22410941,AMD
2013-02-11,13.56,13.75,13.48,13.66,13240556,AMAT
2013-02-11,93.66,93.97,91.98,92.3,1707183,ALXN
2013-02-11,45.03,45.45,44.91,45.25,2357686,ALL
2013-02-11,24.41,24.603,24.12,24.4,1124948,ALK
2013-02-11,32.56,33.07,32.5,33.03,999006,ALGN
2013-02-11,62.68,62.94,62.396,62.76,428135,ALB
2013-02-11,35.56,35.64,34.9,35.31,7253000,AKAM
2013-02-11,37.88,38.0,37.69,37.88,500654,AJG
2013-02-11,38.5,38.79,38.36,38.48,452892,AIZ
2013-02-11,28.57,29.01,28.57,28.92,2555514,AIV
2013-02-11,38.89,39.56,38.65,39.45,14230893,AIG
2013-02-11,87.13,87.54,86.35,86.66,843497,AGN
2013-02-11,50.36,50.39,50.11,50.26,3321756,AFL
2013-02-11,50.52,50.65,49.93,50.38,4020642,AET
2013-02-11,11.06,11.22,11.015,11.2,5735378,AES
2013-02-11,44.57,44.74,44.48,44.73,1372326,AEP
2013-02-11,32.65,32.88,32.65,32.84,1287610,AEE
2013-02-11,154.06,154.35,153.21,153.42,358952,ADS
2013-02-11,39.07,39.21,38.63,38.89,1368345,ADSK
2013-02-11,60.79,60.98,60.28,60.34,1366376,ADP
2013-02-11,30.26,30.445,30.13,30.28,4418487,ADM
2013-02-11,45.99,46.14,45.77,46.08,2382919,ADI
2013-02-11,38.99,39.05,38.534,38.64,2333712,ADBE
2013-02-11,73.09,73.27,72.1,73.07,1880055,ACN
2013-02-11,34.42,34.49,34.24,34.26,7928236,ABT
2013-02-11,46.85,47.0,46.5,46.76,1115888,ABC
2013-02-11,36.13,36.18,35.75,35.85,6031957,ABBV
2013-02-11,78.65,78.91,77.23,78.39,758016,AAP
2013-02-11,68.0714,69.2771,67.6071,68.5614,129029425,AAPL
2013-02-11,14.89,15.01,14.26,14.46,8882000,AAL
2013-02-11,41.26,41.36,40.35,40.96,2462242,DLTR
2013-02-11,71.1,71.56,71.01,71.06,1079451,DOV
2013-02-11,45.72,45.825,45.385,45.42,1099231,DPS
2013-02-11,15.87,15.95,15.78,15.86,5031910,DRE
2013-02-11,47.31,47.5,46.97,47.08,1365607,DRI
2013-02-11,64.21,64.52,64.2,64.4,260965,DTE
2013-02-11,68.95,69.2,68.81,69.14,8209816,DUK
2013-02-11,59.47,59.635,59.1003,59.4,620270,DVA
2013-02-11,60.27,60.42,59.31,59.7,2674716,DVN
2013-02-11,54.25,54.41,54.21,54.33,951009,D
2013-02-11,17.3,17.6,17.13,17.41,4414898,EA
2013-02-11,56.52,56.58,55.75,56.41,5150867,EBAY
2013-02-11,74.2,74.54,73.79,74.06,610073,ECL
2013-02-11,56.56,56.75,56.491,56.59,845513,ED
2013-02-11,55.32,55.55,54.68,54.98,1318592,EFX
2013-02-11,47.77,48.07,47.69,47.98,1387725,EIX
2013-02-11,62.4,62.4,61.48,61.78,2458549,EL
2013-02-11,73.34,74.27,73.174,74.13,1033892,EMN
2013-02-11,57.51,57.87,57.06,57.73,2929551,EMR
2013-02-11,66.645,66.8425,66.06,66.67,3396172,EOG
2013-02-11,217.77,220.0,217.5,218.03,447442,EQIX
2013-02-11,55.44,56.68,55.42,56.46,3843698,EQR
2013-02-11,61.76,61.76,60.79,61.37,653485,EQT
2013-02-11,56.04,56.04,54.88,55.05,3512527,ESRX
2013-02-11,151.83,152.54,151.71,151.86,285700,ESS
2013-02-11,41.12,41.2,40.86,41.12,847100,ES
2013-02-11,11.02,11.095,10.96,11.06,2299436,ETFC
2013-02-11,58.83,59.77,58.81,59.67,2990535,ETN
2013-02-11,64.42,64.73,64.32,64.62,2989886,ETR
2013-02-11,43.51,43.705,42.82,43.525,2307742,EW
2013-02-11,31.05,31.53,30.91,31.42,20162778,EXC
2013-02-11,43.29,43.46,42.8,43.0,913213,EXPD
2013-02-11,65.24,65.49,64.37,64.8,2153193,EXPE
2013-02-11,40.35,40.74,40.35,40.41,463389,EXR
2013-02-11,50.7,51.0,50.49,50.74,1002757,FAST
2013-02-11,33.64,33.74,33.38,33.55,1200931,FBHS
2013-02-11,28.61,28.68,28.04,28.26,36979533,FB
2013-02-11,35.5,35.55,35.1,35.33,8358405,FCX
2013-02-11,106.01,106.37,105.48,106.01,1746041,FDX
2013-02-11,40.18,40.28,39.86,40.25,5045863,FE
2013-02-11,104.52,105.89,103.31,103.52,895973,FFIV
2013-02-11,40.33,40.535,40.29,40.42,1431918,FISV
2013-02-11,37.53,37.72,37.34,37.56,1134631,FIS
2013-02-11,16.44,16.52,16.38,16.5,12187679,FITB
2013-02-11,26.47,26.61,26.17,26.48,890855,FLIR
2013-02-11,64.01,64.34,63.15,63.43,1434577,FLR
2013-02-11,52.4499,52.7499,51.7499,52.5533,1060371,FLS
2013-02-11,34.79,34.88,34.57,34.84,1156923,FL
2013-02-11,59.93,60.12,59.18,59.2,956964,FMC
2013-02-11,107.55,108.0,107.0,107.82,336497,FRT
2013-02-11,48.44,48.75,48.26,48.33,1864248,FTI
2013-02-11,13.06,13.2,13.02,13.11,17685616,F
2013-02-11,66.82,67.09,66.3,66.66,1650608,GD
2013-02-11,22.49,22.51,22.35,22.45,19738628,GE
2013-02-11,20.15,20.25,20.12,20.18,1954710,GGP
2013-02-11,40.9,41.01,40.16,40.4,11061708,GILD
2013-02-11,42.59,42.67,42.5,42.67,2359523,GIS
2013-02-11,12.32,12.48,12.27,12.44,10352591,GLW
2013-02-11,28.51,28.65,28.35,28.53,5589830,GM
2013-02-11,389.5892,391.8915,387.2619,391.6012,4330781,GOOGL
2013-02-11,69.92,70.11,69.47,69.89,417443,GPC
2013-02-11,24.91,25.05,24.85,24.965,917958,GPN
2013-02-11,32.26,32.91,32.2,32.58,4320130,GPS
2013-02-11,38.21,38.38,37.73,37.87,1601781,GRMN
2013-02-11,151.42,152.87,150.9601,152.24,3751274,GS
2013-02-11,13.7,13.93,13.53,13.91,7967771,GT
2013-02-11,216.4,217.99,216.38,217.61,438811,GWW
2013-02-11,41.24,41.44,40.73,40.87,8821128,HAL
2013-02-11,40.04,40.1283,39.395,39.69,3309098,HAS
2013-02-11,7.19,7.19,7.11,7.12,6325860,HBAN
2013-02-11,10.125,10.1275,10.075,10.0975,3322956,HBI
2013-02-11,37.17,37.67,36.62,36.66,3504622,HCA
2013-02-11,62.31,62.56,62.17,62.36,899748,HCN
2013-02-11,46.79,47.03,46.74,46.91,1675279,HCP
2013-02-11,66.87,66.98,66.225,66.38,3952707,HD
2013-02-11,67.12,67.12,66.34,66.74,2299451,HES
2013-02-11,24.11,24.49,23.95,24.41,4127875,HIG
2013-02-11,45.23,45.4,45.0,45.23,176571,HII
2013-02-11,53.51,54.11,53.09,53.49,1671280,HOG
2013-02-11,22.25,22.485,22.05,22.48,3436315,HOLX
2013-02-11,70.42,70.46,69.92,70.09,2322699,HON
2013-02-11,65.32,65.4,64.41,64.86,1237180,HP
2013-02-11,24.4,24.48,24.26,24.45,3472221,HRB
2013-02-11,17.9,17.9264,17.81,17.815,1212128,HRL
2013-02-11,46.53,46.86,46.27,46.54,812915,HRS
2013-02-11,44.62,44.84,44.455,44.725,940218,HSIC
2013-02-11,16.79,17.045,16.72,16.9,9264735,HST
2013-02-11,80.21,80.65,80.03,80.38,542230,HSY
2013-02-11,81.16,81.2,79.96,80.18,3285021,HUM
2013-02-11,200.98,201.95,199.75,200.16,2944651,IBM
2013-02-11,29.81,29.99,29.616,29.966,3789090,ICE
2013-02-11,46.9,46.985,46.525,46.78,318806,IDXX
2013-02-11,73.65,74.04,72.84,73.33,289356,IFF
2013-02-11,50.79,51.06,50.08,50.25,1212811,ILMN
2013-02-11,18.33,18.64,18.28,18.36,1236607,INCY
2013-02-11,21.0,21.06,20.92,21.03,18896125,INTC
2013-02-11,61.65,61.87,61.17,61.42,2166831,INTU
2013-02-11,12.16,12.21,12.13,12.15,2651122,IPG
2013-02-11,42.47,42.49,42.03,42.17,2601103,IP
2013-02-11,34.17,34.3,33.88,34.03,787503,IRM
2013-02-11,53.21,53.37,52.87,52.95,1793823,IR
2013-02-11,191.9256,192.6465,189.4665,190.5065,770940,ISRG
2013-02-11,62.7,62.93,62.48,62.8,1185514,ITW
2013-02-11,49.74,50.08,49.3,49.49,456923,IT
2013-02-11,27.36,27.59,27.29,27.43,2707768,IVZ
2013-02-11,69.11,69.6,68.08,68.32,449784,JBHT
2013-02-11,32.178,32.5026,32.1152,32.178,2011981,JCI
2013-02-11,48.0,48.26,47.73,47.84,509108,JEC
2013-02-11,75.28,75.5,75.05,75.41,5696686,JNJ
2013-02-11,21.87,22.02,21.67,21.71,3831112,JNPR
2013-02-11,48.51,48.9,48.38,48.66,13934328,JPM
2013-02-11,55.57,55.72,55.11,55.37,1297257,JWN
2013-02-11,9.51,9.56,9.46,9.48,10757473,KEY
2013-02-11,21.55,21.57,21.4,21.43,2148883,KIM
2013-02-11,56.67,56.89,56.26,56.38,1672238,KLAC
2013-02-11,90.24,90.92,90.21,90.4,1837930,KMB
2013-02-11,37.57,37.75,37.5,37.65,2927392,KMI
2013-02-11,40.0,40.02,39.44,39.61,982774,KMX
2013-02-11,57.71,57.76,56.39,57.0,7116166,KORS
2013-02-11,38.71,38.83,38.41,38.61,12159872,KO
2013-02-11,14.215,14.3974,14.185,14.195,8946862,KR
2013-02-11,46.1,46.34,45.78,46.11,2398335,KSS
2013-02-11,95.16,95.58,94.33,95.36,678744,KSU
2013-02-11,58.98,59.26,58.95,59.12,1145083,K
2013-02-11,45.56,46.04,45.25,45.26,3036000,LB
2013-02-11,29.76,29.8399,29.51,29.58,949841,LEG
2013-02-11,39.0784,39.3922,38.4412,38.5,4552619,LEN
2013-02-11,90.39,90.96,89.99,90.06,742702,LH
2013-02-11,23.75,23.99,23.18,23.31,755017,LKQ
2013-02-11,77.64,78.29,77.305,78.12,557637,LLL
2013-02-11,53.56,54.06,53.48,53.9,18307287,LLY
2013-02-11,87.99,88.01,87.21,87.53,1781593,LMT
2013-02-11,29.39,29.72,29.21,29.53,2895311,LNC
2013-02-11,23.205,23.3,23.125,23.255,530144,LNT
2013-02-11,39.12,39.21,38.925,39.06,5049882,LOW
2013-02-11,42.71,42.85,42.3,42.71,1122675,LRCX
2013-02-11,26.7,26.85,26.48,26.58,999351,LUK
2013-02-11,11.67,11.76,11.63,11.65,4477580,LUV
2013-02-11,61.82,61.82,60.29,60.54,3176456,LYB
2013-02-11,43.7,43.81,43.24,43.51,939500,L
2013-02-11,66.56,67.67,66.54,67.26,347471,MAA
2013-02-11,61.7,61.87,61.36,61.52,379928,MAC
2013-02-11,40.97,41.23,40.76,41.22,1182169,MAR
2013-02-11,17.79,17.95,17.66,17.79,4462824,MAS
2013-02-11,40.26,40.47,40.08,40.27,2598843,MAT
2013-02-11,52.562,52.616,51.9235,52.085,5615190,MA
2013-02-11,94.75,95.31,94.6,95.17,3557598,MCD
2013-02-11,36.19,36.45,36.04,36.44,3549356,MCHP
2013-02-11,103.46,103.95,103.125,103.53,1131274,MCK
2013-02-11,43.515,45.89,43.11,45.49,7505872,MCO
2013-02-11,27.73,27.8,27.63,27.75,9811818,MDLZ
2013-02-11,47.09,47.22,46.96,47.22,3083093,MDT
2013-02-11,36.89,37.1,36.68,36.9,4571956,MET
2013-02-11,13.5,13.59,13.02,13.05,16174761,MGM
2013-02-11,103.04,104.99,102.86,104.84,645477,MHK
2013-02-11,63.69,64.0,63.52,63.94,453844,MKC
2013-02-11,102.47,102.47,96.475,98.07,408127,MLM
2013-02-11,36.56,36.58,36.29,36.35,2980656,MMC
2013-02-11,102.39,102.88,102.0401,102.62,1715444,MMM
2013-02-11,15.65,15.9233,15.555,15.8167,3587394,MNST
2013-02-11,101.81,102.26,100.89,102.12,2161590,MON
2013-02-11,61.39,61.4,60.84,61.14,1249907,MOS
2013-02-11,34.74,34.8,34.66,34.75,4621475,MO
2013-02-11,40.855,41.25,40.54,40.845,7026328,MPC
2013-02-11,41.19,41.5,41.09,41.38,11411910,MRK
2013-02-11,34.57,34.73,34.17,34.31,4659938,MRO
2013-02-11,27.65,27.92,27.5,27.86,32247549,MSFT
2013-02-11,60.36,61.035,60.21,60.9,1080309,MSI
2013-02-11,23.21,23.47,23.13,23.28,10258135,MS
2013-02-11,103.93,104.36,103.74,104.24,468221,MTB
2013-02-11,221.01,221.73,217.8,219.37,165521,MTD
2013-02-11,7.76,7.945,7.72,7.91,20220735,MU
2013-02-11,28.78,28.92,28.72,28.85,2686982,MYL
2013-02-11,39.63,40.37,39.48,40.24,3761048,M
2013-02-11,57.475,57.51,56.075,56.375,2435286,NBL
2013-02-11,27.78,27.84,27.425,27.68,576186,NCLH
2013-02-11,29.49,32.1499,29.32,30.38,6707438,NDAQ
2013-02-11,72.01,72.22,71.98,72.18,1097030,NEE
2013-02-11,44.57,44.67,44.15,44.49,4171955,NEM
2013-02-11,25.5685,26.0071,24.9714,25.4128,29321782,NFLX
2013-02-11,29.63,29.63,29.09,29.45,1063760,NFX
2013-02-11,26.93,27.02,26.88,26.94,1044979,NI
2013-02-11,27.64,27.95,27.365,27.61,8916290,NKE
2013-02-11,32.75,32.87,32.11,32.67,2666568,NLSN
2013-02-11,65.96,66.25,65.78,66.12,1446674,NOC
2013-02-11,69.32,69.53,68.02,68.26,3878797,NOV
2013-02-11,24.04,24.19,23.94,24.12,1692738,NRG
2013-02-11,69.19,70.69,69.15,70.57,2314952,NSC
2013-02-11,35.85,35.85,35.16,35.36,5580184,NTAP
2013-02-11,52.69,52.825,52.33,52.69,759203,NTRS
2013-02-11,46.61,47.08,46.5,46.87,1367323,NUE
2013-02-11,12.47,12.635,12.35,12.51,10207599,NVDA
2013-02-11,24.06,24.4,23.94,23.94,2959855,NWL
2013-02-11,47.64,47.895,47.37,47.8,958535,OKE
2013-02-11,55.02,55.84,54.815,55.36,2862378,OMC
2013-02-11,34.98,35.04,34.55,34.96,12648514,ORCL
2013-02-11,101.68,102.87,101.0,102.4,1327198,ORLY
2013-02-11,88.24,88.25,87.09,87.21,3413712,OXY
2013-02-11,43.37,43.68,43.23,43.63,1280569,O
2013-02-11,33.28,33.38,33.11,33.32,1874029,PAYX
2013-02-11,12.54,12.63,12.535,12.59,2543178,PBCT
2013-02-11,47.63,47.81,47.27,47.79,1041758,PCAR
2013-02-11,42.73,42.94,42.63,42.69,965396,PCG
2013-02-11,699.68,699.9999,692.16,696.11,301513,PCLN
2013-02-11,37.31,37.41,36.86,37.07,637948,PDCO
2013-02-11,31.43,31.55,31.34,31.54,1293859,PEG
2013-02-11,72.5,72.64,72.2,72.36,3743992,PEP
2013-02-11,26.89,27.23,26.89,27.14,26301872,PFE
2013-02-11,30.86,31.17,30.775,31.06,1247140,PFG
2013-02-11,23.52,23.59,23.36,23.56,3518560,PGR
2013-02-11,75.41,75.92,75.12,75.81,6928133,PG
2013-02-11,19.4,19.71,19.17,19.3,7828116,PHM
2013-02-11,94.1,94.57,93.43,94.39,639923,PH
2013-02-11,40.3,40.37,39.68,40.22,519147,PKG
2013-02-11,34.6,34.805,34.44,34.62,705990,PKI
2013-02-11,39.51,39.59,39.1,39.33,2433042,PLD
2013-02-11,90.4,90.82,90.24,90.35,3283314,PM
2013-02-11,63.49,64.1,63.31,64.0,2571839,PNC
2013-02-11,51.08,51.61,51.07,51.22,997437,PNR
2013-02-11,53.97,54.2,53.87,54.13,815732,PNW
2013-02-11,69.575,69.85,69.075,69.675,8051602,PPG
2013-02-11,30.32,30.43,30.22,30.39,1538325,PPL
2013-02-11,109.5,111.89,109.02,111.4,1345563,PRGO
2013-02-11,57.54,57.71,57.14,57.21,2119063,PRU
2013-02-11,157.46,157.95,156.7,156.85,421306,PSA
2013-02-11,64.0,64.66,63.72,64.18,3097765,PSX
2013-02-11,122.1,122.26,118.64,119.5,1233555,PVH
2013-02-11,28.29,28.51,28.17,28.19,1366117,PWR
2013-02-11,128.97,129.26,125.75,128.55,2148176,PXD
2013-02-11,111.4,111.88,110.82,110.99,705798,PX
2013-02-11,67.0,67.31,66.75,67.18,6653728,QCOM
2013-02-11,36.0,36.29,35.93,36.23,1272891,RCL
2013-02-11,180.0,182.59,168.1,170.35,2341949,REGN
2013-02-11,50.96,51.4,50.96,51.2,407963,REG
2013-02-11,119.46,120.77,119.46,120.31,321324,RE
2013-02-11,7.95,7.97,7.87,7.94,17158581,RF
2013-02-11,35.5,35.57,35.32,35.36,850247,RHI
2013-02-11,54.95,54.98,54.105,54.51,1671883,RHT
2013-02-11,45.38,45.53,45.1,45.32,456554,RJF
2013-02-11,177.5,178.45,176.2,177.01,892981,RL
2013-02-11,43.91,43.93,43.39,43.6,755897,RMD
2013-02-11,90.81,91.16,90.23,90.93,432941,ROK
2013-02-11,119.19,119.51,118.28,119.12,215313,ROP
2013-02-11,30.395,30.53,30.2001,30.43,3679918,ROST
2013-02-11,72.14,72.15,70.485,70.68,1104074,RRC
2013-02-11,31.17,31.55,31.12,31.27,2537921,RSG
2013-02-11,54.14,54.63,53.83,54.55,2227493,RTN
2013-02-11,69.47,69.62,69.18,69.28,690424,SBAC
2013-02-11,28.26,28.26,27.93,28.07,5457354,SBUX
2013-02-11,47.24,47.535,47.2,47.47,304824,SCG
2013-02-11,16.5,16.88,16.48,16.73,10541340,SCHW
2013-02-11,19.21,19.24,19.06,19.11,1132012,SEE
2013-02-11,163.44,164.69,162.65,164.5,559521,SHW
2013-02-11,62.99,63.12,62.41,62.74,772847,SIG
2013-02-11,89.09,89.48,88.45,88.75,839275,SJM
2013-02-11,78.56,78.85,77.81,77.93,4784921,SLB
2013-02-11,81.87,82.28,81.36,81.79,644276,SLG
2013-02-11,79.02,79.37,78.23,78.39,483219,SNA
2013-02-11,60.25,61.13,60.0,61.01,747936,SNI
2013-02-11,34.45,34.55,34.01,34.15,419975,SNPS
2013-02-11,43.85,44.24,43.79,44.06,2311614,SO
2013-02-11,42.79,44.69,42.52,44.28,9586165,SPGI
2013-02-11,162.85,163.51,162.49,163.5,865595,SPG
2013-02-11,96.76,96.8702,96.17,96.25,694865,SRCL
2013-02-11,76.02,76.138,75.57,75.76,599953,SRE
2013-02-11,29.15,29.5,29.15,29.35,4077283,STI
2013-02-11,56.6,57.64,56.24,56.6,7277247,STT
2013-02-11,35.56,35.66,34.8,35.05,4311993,STX
2013-02-11,31.64,31.7,31.05,31.32,2966042,STZ
2013-02-11,23.87,24.34,23.73,24.25,2387664,SWKS
2013-02-11,76.13,76.24,75.8,75.93,979015,SWK
2013-02-11,63.67,63.9,63.35,63.9,1173144,SYK
2013-02-11,22.6,22.73,22.5,22.64,5827329,SYMC
2013-02-11,31.65,31.82,31.56,31.56,1825140,SYY
2013-02-11,44.32,44.45,44.0,44.05,784904,TAP
2013-02-11,143.25,146.45,142.9501,145.18,685019,TDG
2013-02-11,40.49,40.56,40.27,40.44,1056745,TEL
2013-02-11,62.48,62.67,61.85,62.67,3516846,TGT
2013-02-11,62.88,63.2999,62.665,63.1,861764,TIF
2013-02-11,45.62,45.69,45.33,45.4,2511558,TJX
2013-02-11,37.0534,37.2334,36.88,37.2134,538163,TMK
2013-02-11,74.57,74.8,73.83,74.75,1805797,TMO
2013-02-11,48.92,49.14,48.58,48.93,3389978,TPR
2013-02-11,47.13,47.2,46.0,46.23,1232182,TRIP
2013-02-11,73.22,73.36,72.825,73.13,964890,TROW
2013-02-11,78.75,79.32,78.53,79.21,1648772,TRV
2013-02-11,51.77,51.97,51.3794,51.6,656296,TSCO
2013-02-11,23.69,23.76,23.47,23.64,2699518,TSN
2013-02-11,23.25,23.25,22.92,23.01,988780,TSS
2013-02-11,52.28,52.3,51.82,52.13,5250173,TWX
2013-02-11,34.18,34.19,33.66,33.69,8274909,TXN
2013-02-11,29.32,29.58,29.11,29.56,2355215,TXT
2013-02-11,35.26,35.315,35.06,35.23,13687717,T
2013-02-11,12.4975,12.5,12.291,12.455,4905556,UAA
2013-02-11,26.31,26.64,25.59,26.51,4570710,UAL
2013-02-11,23.56,23.86,23.535,23.81,1517715,UDR
2013-02-11,57.3,57.9,56.75,57.38,851132,UHS
2013-02-11,99.28,100.19,98.68,99.19,230997,ULTA
2013-02-11,57.56,57.71,57.05,57.12,4166702,UNH
2013-02-11,23.99,24.21,23.92,24.17,1482725,UNM
2013-02-11,66.53,67.13,66.46,66.71,2562214,UNP
2013-02-11,82.11,82.73,82.11,82.69,3063846,UPS
2013-02-11,53.09,53.84,52.86,53.32,1244021,URI
2013-02-11,33.83,34.33,33.74,34.09,10627859,USB
2013-02-11,90.07,90.32,89.36,89.61,3078992,UTX
2013-02-11,71.04,71.1499,70.55,71.11,639128,VAR
2013-02-11,36.269,36.4048,35.9214,36.2119,2608616,VFC
2013-02-11,59.33,59.49,58.72,59.31,1613188,VIAB
2013-02-11,46.04,46.84,46.04,46.14,7103712,VLO
2013-02-11,55.97,56.2899,55.64,55.65,214019,VMC
2013-02-11,84.6,85.06,84.41,84.8,722841,VNO
2013-02-11,55.0,55.0,53.73,54.62,548568,VRSK
2013-02-11,45.33,45.82,45.06,45.66,2530148,VRSN
2013-02-11,46.48,46.48,45.6,45.7,862253,VRTX
2013-02-11,67.41,67.86,67.33,67.7,1241033,VTR
2013-02-11,44.3,44.44,44.12,44.32,5750092,VZ
2013-02-11,39.395,39.5425,38.985,39.0825,11032112,V
2013-02-11,92.52,92.55,92.0,92.47,224669,WAT
2013-02-11,41.45,41.76,41.16,41.48,6863283,WBA
2013-02-11,48.58,48.8,48.16,48.6,2358626,WDC
2013-02-11,40.07,40.15,39.95,40.14,1166671,WEC
2013-02-11,34.95,35.39,34.92,35.26,24198800,WFC
2013-02-11,107.33,108.22,105.93,106.47,777013,WHR
2013-02-11,36.03,36.03,35.54,35.74,2789688,WMB
2013-02-11,71.25,71.51,70.53,71.4,6202534,WMT
2013-02-11,36.31,36.49,36.29,36.31,1670479,WM
2013-02-11,14.66,14.69,14.23,14.25,15484886,WU
2013-02-11,126.88,126.88,123.56,124.1,1325558,WYNN
2013-02-11,59.98,60.19,59.5,59.62,1046173,WYN
2013-02-11,30.2,30.22,29.96,30.14,3833730,WY
2013-02-11,66.36,66.81,65.805,66.75,477857,XEC
2013-02-11,27.83,28.0,27.83,27.94,1601511,XEL
2013-02-11,37.46,37.575,37.265,37.46,2004285,XLNX
2013-02-11,28.25,28.54,28.238,28.31,2629693,XL
2013-02-11,88.35,88.51,87.97,88.28,8764645,XOM
2013-02-11,42.87,42.9,42.665,42.84,422288,XRAY
2013-02-11,31.92,32.02,31.8,31.96,1475369,XRX
2013-02-11,27.11,27.53,27.02,27.46,875010,XYL
2013-02-11,65.16,65.19,64.48,64.55,5352531,YUM
2013-02-11,75.75,75.98,75.35,75.65,665462,ZBH
2013-02-11,24.14,24.3,23.99,24.21,1839686,ZION
2013-02-11,33.06,33.5,32.88,33.26,1486115,ZTS
